{
  "similarity_threshold": 0.86,
  "prototypes": {
    "p225": [
      0.0,
      0.0,
      0.0,
      0.007231563795357943,
      0.26864951848983765,
      0.0010424064239487052,
      0.0011914882343262434,
      0.0,
      0.039142534136772156,
      0.005591985769569874,
      0.009893656708300114,
      0.002655163872987032,
      0.0,
      0.015460707247257233,
      0.16483177244663239,
      0.0,
      0.0,
      0.0,
      0.0026536600198596716,
      0.01858382858335972,
      0.0,
      0.0,
      0.37376293540000916,
      0.0,
      0.0,
      0.007821185514330864,
      0.0009673083550296724,
      0.2902660071849823,
      0.2827718257904053,
      0.0,
      0.019876081496477127,
      0.002921211766079068,
      0.014397446997463703,
      0.016493864357471466,
      0.20670022070407867,
      0.2565680146217346,
      0.0013597254874184728,
      0.0,
      0.0,
      0.008821905590593815,
      0.0,
      0.0,
      0.0,
      0.3022080659866333,
      0.296817809343338,
      0.0,
      0.0,
      0.4032764136791229,
      0.01443413831293583,
      0.005385993048548698,
      0.0,
      0.002834090730175376,
      0.0068659791722893715,
      0.015172545798122883,
      0.010411861352622509,
      0.0,
      0.0,
      0.013130048289895058,
      0.0,
      0.0,
      0.2256643921136856,
      0.008842460811138153,
      0.0,
      0.3016371428966522
    ],
    "p227": [
      0.0,
      0.0,
      0.0,
      0.005670180544257164,
      0.24231429398059845,
      0.002081917366012931,
      0.0009747279691509902,
      0.0,
      0.028924042358994484,
      0.002186586381867528,
      0.009564738720655441,
      0.0004358779115136713,
      0.0,
      0.023916183039546013,
      0.2055765688419342,
      0.0,
      0.0,
      0.0,
      0.0020637460984289646,
      0.011278295889496803,
      0.0,
      0.0,
      0.3871397376060486,
      0.0,
      0.0,
      0.006761850323528051,
      0.007285791449248791,
      0.2805188000202179,
      0.2709779441356659,
      0.0,
      0.013814379461109638,
      0.0015301870880648494,
      0.010312411934137344,
      0.007693308871239424,
      0.20945638418197632,
      0.25101274251937866,
      0.0006968561210669577,
      0.0,
      0.0,
      0.0056765275076031685,
      0.0,
      0.0,
      0.0,
      0.30032411217689514,
      0.31924009323120117,
      0.0,
      0.0,
      0.3815407156944275,
      0.004306216258555651,
      0.0025419003795832396,
      0.0,
      0.0016906749224290252,
      0.0018336283974349499,
      0.01070884708315134,
      0.0041491189040243626,
      0.0,
      0.0,
      0.015035114251077175,
      0.0,
      0.0,
      0.2413606196641922,
      0.003984865266829729,
      0.0,
      0.3027198016643524
    ],
    "p228": [
      0.0,
      0.0,
      0.0,
      0.006400073412805796,
      0.2575233280658722,
      0.0,
      0.0015301699750125408,
      0.0,
      0.053571172058582306,
      0.003885220969095826,
      0.012154747731983662,
      0.0014855730114504695,
      0.0,
      0.017065709456801414,
      0.1593427062034607,
      0.0,
      0.0,
      0.0,
      0.00016204954590648413,
      0.028490200638771057,
      0.0,
      0.0,
      0.3744048774242401,
      0.0,
      0.0,
      0.0042102281004190445,
      0.0,
      0.2878376841545105,
      0.2808683216571808,
      0.0,
      0.019254211336374283,
      0.0036905601155012846,
      0.013512757606804371,
      0.017785871401429176,
      0.2009759247303009,
      0.25571584701538086,
      0.001341302297078073,
      0.0,
      0.0,
      0.010416273958981037,
      0.0,
      0.0,
      0.0,
      0.300337016582489,
      0.29984575510025024,
      0.0,
      0.0,
      0.41238078474998474,
      0.0234973207116127,
      0.005256477743387222,
      0.0,
      0.0,
      0.00566404452547431,
      0.014162790961563587,
      0.009924167767167091,
      0.0,
      0.0,
      0.010541523806750774,
      0.0,
      0.0,
      0.22564813494682312,
      0.007774703204631805,
      0.0,
      0.305341511964798
    ],
    "p231": [
      0.0,
      0.0,
      0.0,
      0.001764206332154572,
      0.26091986894607544,
      0.0,
      0.0011309884721413255,
      0.0,
      0.016931703314185143,
      0.0008305996307171881,
      0.003399966284632683,
      0.0,
      0.0,
      0.007798717822879553,
      0.18955069780349731,
      0.0,
      0.0,
      0.0,
      0.0006030998192727566,
      0.004317703656852245,
      0.0,
      0.0,
      0.36369380354881287,
      0.0,
      0.0,
      0.002526315161958337,
      0.0,
      0.28562089800834656,
      0.25622257590293884,
      0.0,
      0.004976056516170502,
      0.0,
      0.010446114465594292,
      0.0018787869485095143,
      0.22230057418346405,
      0.26358523964881897,
      0.0,
      0.0,
      0.0,
      0.00547835323959589,
      0.0,
      0.0,
      0.0,
      0.3113757073879242,
      0.32164815068244934,
      0.0,
      0.0,
      0.3814207911491394,
      0.004077702295035124,
      0.0004551767196971923,
      0.0,
      0.0,
      0.000977073679678142,
      0.003609952051192522,
      0.0013575010234490037,
      0.0,
      0.0,
      0.0044466364197432995,
      0.0,
      0.0,
      0.23226681351661682,
      0.0010978808859363198,
      0.0,
      0.31167542934417725
    ],
    "p232": [
      0.0,
      0.0,
      0.0,
      0.019695794209837914,
      0.20535515248775482,
      0.004812887869775295,
      0.0011295434087514877,
      0.0,
      0.04835249111056328,
      0.010269341059029102,
      0.01616656221449375,
      0.004238074645400047,
      0.0,
      0.05781525745987892,
      0.2297363579273224,
      0.0,
      0.0,
      0.0,
      0.005720885470509529,
      0.02254205197095871,
      0.0,
      0.0,
      0.41031914949417114,
      0.0,
      0.0,
      0.018917158246040344,
      0.022095665335655212,
      0.2930814325809479,
      0.25226685404777527,
      0.0,
      0.027380913496017456,
      0.0037670291494578123,
      0.025089312344789505,
      0.004482856951653957,
      0.19743159413337708,
      0.23531299829483032,
      0.0,
      0.0,
      0.0,
      0.0030242004431784153,
      0.0,
      0.0,
      0.0,
      0.29150450229644775,
      0.31929877400398254,
      0.0,
      0.0,
      0.38829848170280457,
      0.013920013792812824,
      0.0061507862992584705,
      0.0,
      0.0006681606755591929,
      0.007654606830328703,
      0.02205895259976387,
      0.0030157901346683502,
      0.0,
      0.0,
      0.03830147534608841,
      0.0,
      0.0,
      0.24640189111232758,
      0.004827085416764021,
      0.0,
      0.2877877354621887
    ]
  }
}