n_total,n_allow,n_not_allow,false_accept,false_reject,far,frr,acc,balanced_error,gap_far_frr
201,79,122,5,3,0.040983606557377046,0.0379746835443038,0.9601990049751243,0.03947914505084042,0.0030089230130732475
