n_total,n_allow,n_not_allow,false_accept,false_reject,far,frr,acc,balanced_error,gap_far_frr
220,98,122,2,4,0.01639344262295082,0.04081632653061224,0.9727272727272728,0.02860488457678153,0.02442288390766142
