n_total,n_allow,n_not_allow,false_accept,false_reject,far,frr,acc,balanced_error,gap_far_frr
201,79,122,1,7,0.00819672131147541,0.08860759493670886,0.9601990049751243,0.04840215812409213,0.08041087362523346
