n_total,n_allow,n_not_allow,false_accept,false_reject,far,frr,acc,balanced_error,gap_far_frr
201,79,122,3,5,0.02459016393442623,0.06329113924050633,0.9601990049751243,0.04394065158746628,0.038700975306080104
