n_total,n_allow,n_not_allow,false_accept,false_reject,far,frr,acc,balanced_error,gap_far_frr
220,98,122,0,8,0.0,0.08163265306122448,0.9636363636363636,0.04081632653061224,0.08163265306122448
