n_total,n_allow,n_not_allow,false_accept,false_reject,far,frr,acc,balanced_error,gap_far_frr
220,98,122,19,7,0.1557377049180328,0.07142857142857142,0.8818181818181818,0.11358313817330211,0.08430913348946137
