n_total,n_allow,n_not_allow,false_accept,false_reject,far,frr,acc,balanced_error,gap_far_frr
220,98,122,1,3,0.00819672131147541,0.030612244897959183,0.9818181818181818,0.019404483104717297,0.02241552358648377
