n_total,n_allow,n_not_allow,false_accept,false_reject,far,frr,acc,balanced_error,gap_far_frr
201,79,122,3,6,0.02459016393442623,0.0759493670886076,0.9552238805970149,0.05026976551151691,0.05135920315418137
