n_total,n_allow,n_not_allow,false_accept,false_reject,far,frr,acc,balanced_error,gap_far_frr
201,79,122,11,6,0.09016393442622951,0.0759493670886076,0.9154228855721394,0.08305665075741855,0.014214567337621914
