n_total,n_allow,n_not_allow,false_accept,false_reject,far,frr,acc,balanced_error,gap_far_frr
220,98,122,20,15,0.16393442622950818,0.15306122448979592,0.8409090909090909,0.15849782535965207,0.010873201739712263
