n_total,n_allow,n_not_allow,false_accept,false_reject,far,frr,acc,balanced_error,gap_far_frr
201,79,122,15,15,0.12295081967213115,0.189873417721519,0.8507462686567164,0.1564121186968251,0.06692259804938785
