n_total,n_allow,n_not_allow,false_accept,false_reject,far,frr,acc,balanced_error,gap_far_frr
201,79,122,4,2,0.03278688524590164,0.02531645569620253,0.9701492537313433,0.029051670471052088,0.00747042954969911
