n_total,n_allow,n_not_allow,false_accept,false_reject,far,frr,acc,balanced_error,gap_far_frr
201,79,122,2,1,0.01639344262295082,0.012658227848101266,0.9850746268656716,0.014525835235526044,0.003735214774849555
