n_total,n_allow,n_not_allow,false_accept,false_reject,far,frr,acc,balanced_error,gap_far_frr
220,98,122,2,5,0.01639344262295082,0.05102040816326531,0.9681818181818181,0.033706925393108066,0.03462696554031448
