n_total,n_allow,n_not_allow,false_accept,false_reject,far,frr,acc,balanced_error,gap_far_frr
201,79,122,1,3,0.00819672131147541,0.0379746835443038,0.9800995024875622,0.023085702427889605,0.029777962232828387
