state,observed_count,observed_prob,expected_prob_hat,expected_count_hat,num_excited
0101,63,0.3298429319371728,0.33431051636793196,63.853308626275,2
1010,61,0.3193717277486911,0.3248904596493589,62.05407779302755,2
0010,21,0.1099476439790576,0.10442951282537997,19.946036949647574,1
1001,19,0.09947643979057591,0.09170894846341701,17.516409156512648,2
0100,17,0.08900523560209424,0.08453777504783858,16.146715034137166,1
0001,5,0.02617801047120419,0.02947799950819952,5.630297906066108,1
1000,4,0.020942408376963352,0.02319062690370649,4.42940973860794,1
0000,1,0.005235602094240838,0.007454161234167827,1.423744795726055,0
